,Country,Industry,Model,Stat,M=1,M=2,M=3,M=4,M=5,M=6,M=7,M=8,M=9,M=10,T
6,Chile,Fabricated metal products,Ar1 k,LR,196.5808,37.2919,-,-,-,-,-,-,-,-,5
7,Chile,Fabricated metal products,Ar1 k,LR Crit,"26.5, 29.6, 32.7","23.8, 26.5, 30.7","21.6, 23.3, 26.9",-,-,-,-,-,-,-,5
6,Chile,Fabricated metal products,Ar1 k mixture,LR,133.4047,26.5363,-,-,-,-,-,-,-,-,3
6,Chile,Fabricated metal products,Ar1 k mixture,LR,196.5406,-42.8673,-,-,-,-,-,-,-,-,5
7,Chile,Fabricated metal products,Ar1 k mixture,LR Crit,"84.9, 95.9, 123.0","68.8, 77.7, 104.4",-,-,-,-,-,-,-,-,3
7,Chile,Fabricated metal products,Ar1 k mixture,LR Crit,"688.0, 720.7, 755.5",-,-,-,-,-,-,-,-,-,5
6,Chile,Fabricated metal products,Ar1 plain,LR,155.2995,28.7050,21.3971,14.4669,-,-,-,-,-,-,3
6,Chile,Fabricated metal products,Ar1 plain,LR,183.4093,14.6856,-21.9556,32.5080,-,-,-,-,-,-,5
7,Chile,Fabricated metal products,Ar1 plain,LR Crit,"16.7, 18.1, 23.5","19.2, 20.8, 23.8","19.2, 20.8, 22.6","17.6, 19.4, 23.0",-,-,-,-,-,-,3
7,Chile,Fabricated metal products,Ar1 plain,LR Crit,"16.6, 18.0, 21.1","14.6, 15.7, 18.9",-,-,-,-,-,-,-,-,5
6,Chile,Fabricated metal products,Ar1 plain mixture,LR,164.3702,25.7938,-,-,-,-,-,-,-,-,3
6,Chile,Fabricated metal products,Ar1 plain mixture,LR,183.3371,-42.8350,-,-,-,-,-,-,-,-,5
7,Chile,Fabricated metal products,Ar1 plain mixture,LR Crit,"75.6, 99.4, 123.3","52.1, 74.1, 107.5",-,-,-,-,-,-,-,-,3
7,Chile,Fabricated metal products,Ar1 plain mixture,LR Crit,"437.3, 458.6, 555.6",-,-,-,-,-,-,-,-,-,5
6,Chile,Fabricated metal products,K,LR,261.8018,70.5098,25.1376,29.3710,16.5560,11.1284,-,-,-,-,3
6,Chile,Fabricated metal products,K,LR,649.0035,378.1464,199.0771,119.8189,71.7094,77.1663,-,-,-,-,5
7,Chile,Fabricated metal products,K,LR Crit,"10.5, 12.6, 14.6","10.5, 12.3, 14.4","12.2, 13.2, 16.2","11.8, 13.3, 18.6","12.0, 14.4, 19.1","10.8, 11.9, 14.6",-,-,-,-,3
7,Chile,Fabricated metal products,K,LR Crit,"11.4, 13.8, 16.1","11.3, 13.1, 15.9","10.5, 12.5, 15.8","10.8, 12.6, 14.6","11.4, 14.4, 20.0","10.9, 14.1, 19.1","10.7, 13.1, 14.1","15.1, 56.5, 82.1",-,-,5
6,Chile,Fabricated metal products,K ciiu,LR,270.4205,49.0921,45.7189,4.0214,-,-,-,-,-,-,3
7,Chile,Fabricated metal products,K ciiu,LR Crit,"13.1, 15.4, 20.7","11.5, 12.9, 16.1","16.1, 18.8, 33.7","11.7, 19.9, 32.1",-,-,-,-,-,-,3
6,Chile,Fabricated metal products,K mixture,LR,177.2463,69.8442,22.6228,40.6076,14.6938,-,-,-,-,-,3
6,Chile,Fabricated metal products,K mixture,LR,701.7230,315.1535,182.0263,128.5785,75.7552,-,-,-,-,-,5
7,Chile,Fabricated metal products,K mixture,LR Crit,"12.6, 14.0, 16.5","14.0, 14.9, 17.5","15.5, 18.0, 20.8","17.4, 22.5, 30.2","26.9, 31.2, 37.8",-,-,-,-,-,3
7,Chile,Fabricated metal products,K mixture,LR Crit,"12.3, 14.5, 17.8","12.4, 13.9, 21.2","12.2, 15.0, 18.4","14.7, 16.7, 22.5","13.7, 16.1, 19.7","14.2, 16.6, 20.1","47.1, 104.0, 161.2",-,-,-,5
6,Chile,Fabricated metal products,K mixture 3,LR,177.2976,71.5966,51.5947,1.7105,-,-,-,-,-,-,3
7,Chile,Fabricated metal products,K mixture 3,LR Crit,"15.3, 17.8, 24.6","16.7, 18.4, 23.7","18.7, 20.2, 21.3","18.4, 25.1, 52.0",-,-,-,-,-,-,3
6,Chile,Fabricated metal products,K mixture 3 ciiu,LR,179.3741,54.0535,47.0039,12.6046,-,-,-,-,-,-,3
7,Chile,Fabricated metal products,K mixture 3 ciiu,LR Crit,"16.8, 20.7, 28.0","20.0, 22.4, 28.5","23.0, 26.7, 45.2","27.1, 41.1, 54.3",-,-,-,-,-,-,3
6,Chile,Fabricated metal products,K mixture 4,LR,177.3477,71.9116,35.7015,20.5483,-,-,-,-,-,-,3
7,Chile,Fabricated metal products,K mixture 4,LR Crit,"20.7, 22.8, 27.5","20.1, 23.1, 25.9","20.3, 23.6, 26.0","40.3, 45.7, 57.3",-,-,-,-,-,-,3
6,Chile,Fabricated metal products,K mixture 4 ciiu,LR,179.5236,50.3923,66.2701,-7.0853,-,-,-,-,-,-,3
7,Chile,Fabricated metal products,K mixture 4 ciiu,LR Crit,"19.0, 20.6, 29.3","20.5, 22.6, 32.2","24.2, 28.2, 66.4","24.0, 53.2, 69.6",-,-,-,-,-,-,3
6,Chile,Fabricated metal products,K mixture ciiu,LR,177.4780,47.5276,35.3457,20.7642,18.2629,-,-,-,-,-,3
7,Chile,Fabricated metal products,K mixture ciiu,LR Crit,"14.3, 17.8, 26.8","16.0, 19.5, 28.8","18.8, 22.8, 32.5","13.9, 15.9, 33.4","19.3, 22.7, 26.4",-,-,-,-,-,3
6,Chile,Fabricated metal products,Kmshare,LR,270.1895,81.1781,43.3852,31.3301,27.6127,22.3630,9.3163,-,-,-,3
7,Chile,Fabricated metal products,Kmshare,LR Crit,"13.8, 15.0, 18.9","14.9, 16.8, 18.2","15.4, 17.6, 23.2","14.7, 16.0, 19.2","16.4, 18.5, 24.1","14.5, 16.4, 18.5","14.5, 16.2, 19.3",-,-,-,3
6,Chile,Fabricated metal products,Kmshare mixture,LR,187.5149,79.9523,38.0020,22.1175,-,-,-,-,-,-,3
7,Chile,Fabricated metal products,Kmshare mixture,LR Crit,"17.2, 18.3, 21.6","17.5, 22.7, 28.7","19.3, 22.0, 23.9","28.5, 35.2, 54.3",-,-,-,-,-,-,3
6,Chile,Fabricated metal products,Kmshare mixture 3,LR,187.5737,79.8976,26.4159,35.2471,10.3542,-,-,-,-,-,3
7,Chile,Fabricated metal products,Kmshare mixture 3,LR Crit,"20.0, 22.5, 29.1","22.9, 24.2, 29.0","21.2, 24.8, 29.0","29.3, 34.6, 44.1","37.8, 52.5, 75.3",-,-,-,-,-,3
6,Chile,Fabricated metal products,Kmshare mixture 4,LR,187.5737,81.0384,29.6585,37.7737,-,-,-,-,-,-,3
7,Chile,Fabricated metal products,Kmshare mixture 4,LR Crit,"20.1, 23.5, 26.5","24.0, 27.1, 32.5","23.2, 25.8, 30.6","53.7, 62.8, 73.2",-,-,-,-,-,-,3
6,Chile,Fabricated metal products,Plain,LR,312.1339,93.1496,34.4064,20.1522,11.1988,10.7754,6.7357,4.9184,-,-,3
6,Chile,Fabricated metal products,Plain,LR,970.3741,574.2190,288.9230,243.2097,97.4946,80.7535,76.9598,37.6323,-,-,5
7,Chile,Fabricated metal products,Plain,LR Crit,"6.6, 7.4, 11.7","6.6, 8.0, 8.9","7.5, 8.4, 10.9","7.1, 8.3, 12.9","7.6, 9.0, 11.8","5.7, 6.6, 9.5","5.2, 6.7, 8.8","4.5, 5.7, 8.2",-,-,3
7,Chile,Fabricated metal products,Plain,LR Crit,"6.6, 7.5, 11.7","6.8, 9.1, 14.0","7.7, 8.8, 11.8","7.8, 9.1, 12.2","8.2, 9.2, 14.9","7.6, 8.5, 12.8","7.7, 10.1, 12.4","6.8, 9.5, 14.5","6.7, 7.7, 9.7","7.0, 8.5, 25.0",5
6,Chile,Fabricated metal products,Plain ciiu,LR,268.4391,51.1905,32.7984,23.6339,9.5340,-,-,-,-,-,3
7,Chile,Fabricated metal products,Plain ciiu,LR Crit,"7.1, 10.2, 14.9","6.5, 8.3, 14.6","9.6, 11.5, 19.5","10.2, 12.6, 16.3","9.3, 13.4, 21.3",-,-,-,-,-,3
6,Chile,Fabricated metal products,Plain mixture,LR,196.0605,101.2981,34.3526,33.7497,7.8832,-,-,-,-,-,3
7,Chile,Fabricated metal products,Plain mixture,LR Crit,"9.1, 11.5, 14.1","9.4, 11.2, 13.7","9.6, 12.3, 14.9","10.7, 12.6, 17.7","13.9, 26.3, 43.5",-,-,-,-,-,3
6,Chile,Fabricated metal products,Plain mixture 3,LR,196.2154,101.2985,52.8813,14.3045,-,-,-,-,-,-,3
7,Chile,Fabricated metal products,Plain mixture 3,LR Crit,"12.1, 14.0, 16.3","13.2, 14.8, 18.8","11.6, 13.6, 20.0","53.1, 60.7, 72.6",-,-,-,-,-,-,3
6,Chile,Fabricated metal products,Plain mixture 3 ciiu,LR,170.7851,63.1976,53.5000,-1.9999,-,-,-,-,-,-,3
7,Chile,Fabricated metal products,Plain mixture 3 ciiu,LR Crit,"12.6, 15.6, 21.4","13.5, 16.6, 21.6","19.3, 26.7, 54.0","48.5, 60.7, 79.1",-,-,-,-,-,-,3
6,Chile,Fabricated metal products,Plain mixture 4,LR,196.8367,100.9756,55.2903,-6.0331,-,-,-,-,-,-,3
7,Chile,Fabricated metal products,Plain mixture 4,LR Crit,"15.2, 17.8, 22.8","13.3, 15.8, 19.0","13.6, 15.8, 19.3","62.3, 79.0, 92.4",-,-,-,-,-,-,3
6,Chile,Fabricated metal products,Plain mixture 4 ciiu,LR,170.6953,59.4446,29.1153,28.5596,-,-,-,-,-,-,3
7,Chile,Fabricated metal products,Plain mixture 4 ciiu,LR Crit,"15.3, 20.7, 38.0","17.5, 22.1, 32.4","21.4, 26.5, 40.4","32.9, 45.1, 63.4",-,-,-,-,-,-,3
6,Chile,Fabricated metal products,Plain mixture ciiu,LR,170.8750,46.5334,34.5001,8.7472,-,-,-,-,-,-,3
7,Chile,Fabricated metal products,Plain mixture ciiu,LR Crit,"11.4, 13.5, 17.5","11.7, 14.4, 20.3","16.9, 19.7, 33.2","39.2, 47.9, 68.7",-,-,-,-,-,-,3
2,Chile,Food products,Ar1 k,LR,1361.6627,175.8411,-76.7957,61.3275,-,-,-,-,-,-,5
3,Chile,Food products,Ar1 k,LR Crit,"21.9, 23.4, 25.4","20.9, 22.7, 26.9","17.6, 19.2, 21.3",-,-,-,-,-,-,-,5
2,Chile,Food products,Ar1 k mixture,LR,1153.7317,174.0796,-,-,-,-,-,-,-,-,3
2,Chile,Food products,Ar1 k mixture,LR,1361.5804,1361.6397,-,-,-,-,-,-,-,-,5
3,Chile,Food products,Ar1 k mixture,LR Crit,"20.8, 22.9, 26.5","274.4, 405.9, 507.4",-,-,-,-,-,-,-,-,3
3,Chile,Food products,Ar1 k mixture,LR Crit,"2050.8, 2090.2, 2133.4",-,-,-,-,-,-,-,-,-,5
2,Chile,Food products,Ar1 plain,LR,1811.2176,179.5193,49.9356,21.3437,18.2874,-,-,-,-,-,3
2,Chile,Food products,Ar1 plain,LR,1336.6640,416.1872,-76.7957,-76.7957,-76.7957,-,-,-,-,-,5
3,Chile,Food products,Ar1 plain,LR Crit,"15.5, 17.2, 19.2","17.5, 18.5, 20.6","16.6, 17.7, 20.5","17.3, 18.7, 20.6","16.4, 18.8, 21.8",-,-,-,-,-,3
3,Chile,Food products,Ar1 plain,LR Crit,"14.3, 15.9, 21.3","15.0, 16.7, 20.3","16.2, 369.5, 430.1",-,-,-,-,-,-,-,5
2,Chile,Food products,Ar1 plain mixture,LR,1290.5657,137.6656,-,-,-,-,-,-,-,-,3
2,Chile,Food products,Ar1 plain mixture,LR,1200.5063,623.0507,-,-,-,-,-,-,-,-,5
3,Chile,Food products,Ar1 plain mixture,LR Crit,"12.4, 14.8, 18.4","241.0, 429.5, 579.8",-,-,-,-,-,-,-,-,3
3,Chile,Food products,Ar1 plain mixture,LR Crit,"418.8, 507.3, 787.8","448.8, 886.3, 1270.9",-,-,-,-,-,-,-,-,5
2,Chile,Food products,K,LR,1496.5601,546.6996,242.9905,173.8634,68.5156,58.1026,41.4798,27.6943,27.8873,17.7785,3
2,Chile,Food products,K,LR,2275.1969,1335.5661,760.0073,523.9611,294.6146,275.7552,182.4631,109.6312,87.6119,99.0821,5
3,Chile,Food products,K,LR Crit,"8.2, 10.0, 12.1","9.8, 11.1, 12.6","10.4, 11.7, 18.0","10.1, 12.1, 15.0","11.5, 12.8, 17.2","11.0, 11.8, 14.9","11.5, 12.4, 14.6","10.7, 11.8, 13.8","11.0, 11.9, 13.7","10.3, 11.6, 15.5",3
3,Chile,Food products,K,LR Crit,"10.6, 12.3, 15.4","10.8, 12.7, 16.9","11.0, 12.7, 15.8","9.5, 10.8, 13.6","10.5, 13.2, 14.7","11.3, 12.8, 14.9","10.6, 11.6, 14.4","9.2, 12.1, 16.5","10.2, 11.5, 13.5","9.4, 10.9, 13.0",5
2,Chile,Food products,K ciiu,LR,1654.0422,513.7993,209.3902,110.2282,57.0083,52.3428,36.9535,27.1044,23.8394,11.7997,3
3,Chile,Food products,K ciiu,LR Crit,"9.1, 10.5, 14.5","10.0, 10.8, 13.7","8.6, 10.2, 11.6","8.0, 9.1, 14.3","8.8, 10.3, 12.0","11.2, 12.2, 16.2","12.0, 13.4, 15.9","10.2, 11.2, 15.5","10.7, 12.4, 15.2","10.1, 11.4, 13.9",3
2,Chile,Food products,K mixture,LR,1022.4406,559.0520,212.2485,192.5316,55.2792,68.5482,52.8502,14.4142,-,-,3
2,Chile,Food products,K mixture,LR,2361.7024,1223.1799,695.4842,523.7640,294.3098,221.7348,107.3391,162.0185,-,-,5
3,Chile,Food products,K mixture,LR Crit,"10.8, 12.9, 15.6","12.9, 14.8, 19.4","12.2, 14.3, 16.9","14.8, 16.1, 18.9","12.7, 13.5, 24.6","14.9, 37.0, 123.4","15.7, 20.7, 95.2","64.5, 77.9, 95.9",-,-,3
3,Chile,Food products,K mixture,LR Crit,"10.4, 12.4, 17.6","10.4, 12.4, 17.1","11.5, 13.7, 19.4","13.3, 15.1, 19.6","13.2, 15.6, 23.8","11.8, 14.0, 16.9","10.6, 13.5, 204.8","12.9, 338.6, 509.1",-,-,5
2,Chile,Food products,K mixture 3,LR,998.6584,568.9892,202.8142,196.9651,52.5897,-,-,-,-,-,3
3,Chile,Food products,K mixture 3,LR Crit,"10.8, 14.5, 17.9","13.3, 16.0, 20.9","13.2, 15.5, 20.5","15.9, 18.2, 21.6","16.9, 185.2, 219.4",-,-,-,-,-,3
2,Chile,Food products,K mixture 3 ciiu,LR,1142.3045,456.4373,196.2372,162.8137,37.5259,-,-,-,-,-,3
3,Chile,Food products,K mixture 3 ciiu,LR Crit,"7.5, 9.5, 13.1","8.0, 11.3, 15.4","10.4, 12.5, 18.2","14.1, 16.0, 23.5","186.9, 216.9, 260.5",-,-,-,-,-,3
2,Chile,Food products,K mixture 4,LR,1002.5064,565.6801,209.7641,193.4893,42.7883,-,-,-,-,-,3
3,Chile,Food products,K mixture 4,LR Crit,"11.2, 15.0, 21.6","14.6, 17.9, 25.5","14.4, 16.0, 18.7","11.5, 13.7, 19.6","192.2, 209.3, 231.1",-,-,-,-,-,3
2,Chile,Food products,K mixture 4 ciiu,LR,1146.3741,443.1387,174.5425,193.3948,42.8616,-,-,-,-,-,3
3,Chile,Food products,K mixture 4 ciiu,LR Crit,"7.3, 12.2, 17.3","7.8, 10.9, 17.0","13.6, 16.0, 17.7","23.0, 126.0, 180.7","204.1, 215.0, 240.0",-,-,-,-,-,3
2,Chile,Food products,K mixture ciiu,LR,1165.2856,428.0574,253.8237,135.9219,33.0379,70.2819,-,-,-,-,3
3,Chile,Food products,K mixture ciiu,LR Crit,"8.8, 10.0, 13.0","22.9, 29.0, 41.2","10.8, 12.3, 16.4","7.3, 10.3, 15.9","11.3, 13.9, 160.2","59.0, 96.5, 188.9",-,-,-,-,3
2,Chile,Food products,Kmshare,LR,1512.5042,528.1119,237.7960,185.2704,65.4478,62.4611,46.5777,33.6627,22.5758,23.0554,3
3,Chile,Food products,Kmshare,LR Crit,"12.7, 14.3, 19.8","14.0, 17.1, 21.4","13.8, 15.0, 21.8","15.0, 17.2, 20.6","13.6, 16.1, 19.2","14.0, 15.0, 16.7","14.2, 16.0, 19.8","14.9, 15.9, 18.8","15.0, 15.6, 19.1","11.9, 13.8, 17.3",3
2,Chile,Food products,Kmshare mixture,LR,1034.7470,547.0429,219.9176,194.1684,54.7579,63.2807,-,-,-,-,3
3,Chile,Food products,Kmshare mixture,LR Crit,"13.1, 14.5, 19.2","15.3, 16.9, 19.4","15.6, 16.9, 21.5","17.5, 20.4, 26.4","16.0, 18.1, 23.6","20.2, 91.7, 207.6",-,-,-,-,3
2,Chile,Food products,Kmshare mixture 3,LR,1008.5580,555.1790,202.4912,199.8701,53.9496,-,-,-,-,-,3
3,Chile,Food products,Kmshare mixture 3,LR Crit,"10.4, 13.9, 20.3","18.9, 21.9, 28.6","15.1, 17.8, 21.6","18.6, 20.7, 25.1","19.6, 105.4, 217.3",-,-,-,-,-,3
2,Chile,Food products,Kmshare mixture 4,LR,1012.2300,554.8974,212.0965,195.5802,66.8595,-,-,-,-,-,3
3,Chile,Food products,Kmshare mixture 4,LR Crit,"15.6, 20.0, 25.0","19.0, 20.6, 26.2","18.1, 21.0, 24.5","13.1, 16.3, 22.1","209.7, 228.0, 246.4",-,-,-,-,-,3
2,Chile,Food products,Plain,LR,1793.5506,568.7586,298.3850,201.9535,76.5944,57.8667,36.4340,23.7302,11.3351,13.2811,3
2,Chile,Food products,Plain,LR,5091.3504,1564.9824,956.5192,726.2303,448.3361,338.1930,287.6858,217.9259,201.3033,89.0990,5
3,Chile,Food products,Plain,LR Crit,"5.6, 6.8, 8.3","6.7, 8.4, 12.0","7.1, 8.6, 11.4","7.3, 8.4, 11.4","7.3, 9.9, 11.6","6.8, 8.0, 10.1","7.8, 9.2, 11.0","6.3, 7.7, 9.1","6.0, 7.3, 9.0","5.2, 5.8, 7.4",3
3,Chile,Food products,Plain,LR Crit,"6.8, 7.7, 10.3","6.3, 7.3, 9.2","7.1, 9.5, 12.1","7.5, 8.9, 11.7","7.7, 9.6, 12.6","8.1, 9.4, 13.4","7.9, 10.1, 11.6","7.1, 8.3, 12.6","230.1, 256.0, 289.7",-,5
2,Chile,Food products,Plain ciiu,LR,1627.2441,468.3030,230.0412,136.4866,41.3948,53.6368,34.9884,15.1591,9.6052,13.9674,3
3,Chile,Food products,Plain ciiu,LR Crit,"6.0, 7.4, 11.6","6.1, 8.2, 12.2","6.4, 8.2, 9.6","4.9, 6.6, 8.5","5.7, 6.7, 10.0","6.3, 7.6, 9.9","7.3, 8.8, 11.8","6.7, 7.9, 10.2","5.8, 6.7, 9.5","4.8, 6.1, 8.2",3
2,Chile,Food products,Plain mixture,LR,1191.0404,580.4967,279.7592,208.8829,77.6894,88.4077,50.4342,48.9726,26.0191,-,3
3,Chile,Food products,Plain mixture,LR Crit,"7.3, 10.2, 14.8","8.7, 11.1, 17.9","9.0, 12.1, 16.2","10.3, 12.5, 16.0","10.1, 12.5, 208.0","9.3, 11.6, 18.6","8.5, 10.4, 12.9","9.7, 12.3, 21.8","60.5, 69.8, 79.7",-,3
2,Chile,Food products,Plain mixture 3,LR,1167.8106,604.4984,256.3292,211.8909,90.8947,-,-,-,-,-,3
3,Chile,Food products,Plain mixture 3,LR Crit,"7.9, 9.7, 13.5","11.0, 13.6, 17.0","11.0, 12.6, 14.0","10.4, 12.5, 18.9","14.3, 217.6, 254.2",-,-,-,-,-,3
2,Chile,Food products,Plain mixture 3 ciiu,LR,1134.4917,443.7635,210.1550,156.1270,28.9543,-,-,-,-,-,3
3,Chile,Food products,Plain mixture 3 ciiu,LR Crit,"7.9, 11.9, 15.7","7.0, 8.8, 12.6","7.6, 10.4, 16.7","8.4, 10.3, 13.9","11.0, 166.8, 231.8",-,-,-,-,-,3
2,Chile,Food products,Plain mixture 4,LR,1178.2411,598.2276,264.9669,204.2619,58.7535,-,-,-,-,-,3
3,Chile,Food products,Plain mixture 4,LR Crit,"10.9, 12.6, 16.9","12.1, 15.4, 20.8","12.0, 14.5, 18.5","12.0, 13.9, 16.9","209.9, 236.3, 277.9",-,-,-,-,-,3
2,Chile,Food products,Plain mixture 4 ciiu,LR,1138.6857,431.3369,190.5935,180.9799,30.7172,-,-,-,-,-,3
3,Chile,Food products,Plain mixture 4 ciiu,LR Crit,"9.4, 10.2, 14.4","7.6, 9.4, 13.0","8.3, 9.5, 14.6","10.1, 14.7, 22.0","175.1, 199.0, 219.9",-,-,-,-,-,3
2,Chile,Food products,Plain mixture ciiu,LR,1155.8787,408.1054,278.9554,152.0485,31.8931,70.0843,47.4195,9.9829,-,-,3
3,Chile,Food products,Plain mixture ciiu,LR Crit,"7.7, 9.6, 11.7","15.5, 20.7, 38.0","7.0, 9.2, 13.3","4.7, 8.2, 16.3","7.9, 9.8, 12.3","8.7, 10.0, 13.8","9.5, 11.0, 14.2","58.5, 69.2, 83.9",-,-,3
10,Chile,Textiles,Ar1 k,LR,167.0679,6.9949,-,-,-,-,-,-,-,-,5
11,Chile,Textiles,Ar1 k,LR Crit,"27.9, 30.5, 34.7","24.6, 26.5, 28.7",-,-,-,-,-,-,-,-,5
10,Chile,Textiles,Ar1 k mixture,LR,188.3365,56.9001,-,-,-,-,-,-,-,-,3
10,Chile,Textiles,Ar1 k mixture,LR,166.7515,-37.3694,-,-,-,-,-,-,-,-,5
11,Chile,Textiles,Ar1 k mixture,LR Crit,"150.0, 173.8, 196.5","140.4, 153.7, 164.5",-,-,-,-,-,-,-,-,3
11,Chile,Textiles,Ar1 k mixture,LR Crit,"579.4, 588.4, 624.2",-,-,-,-,-,-,-,-,-,5
10,Chile,Textiles,Ar1 plain,LR,333.3141,68.9073,19.7665,-,-,-,-,-,-,-,3
10,Chile,Textiles,Ar1 plain,LR,177.6935,19.2115,3.5042,-,-,-,-,-,-,-,5
11,Chile,Textiles,Ar1 plain,LR Crit,"18.5, 20.7, 26.6","18.3, 20.1, 21.9","19.3, 22.1, 26.2",-,-,-,-,-,-,-,3
11,Chile,Textiles,Ar1 plain,LR Crit,"15.7, 17.5, 23.8","14.5, 15.9, 24.8","32.5, 44.1, 55.5",-,-,-,-,-,-,-,5
10,Chile,Textiles,Ar1 plain mixture,LR,247.5924,66.1106,-,-,-,-,-,-,-,-,3
10,Chile,Textiles,Ar1 plain mixture,LR,177.2269,-37.1111,-,-,-,-,-,-,-,-,5
11,Chile,Textiles,Ar1 plain mixture,LR Crit,"30.8, 186.1, 264.7","151.8, 162.1, 178.8",-,-,-,-,-,-,-,-,3
11,Chile,Textiles,Ar1 plain mixture,LR Crit,"402.6, 422.9, 480.8",-,-,-,-,-,-,-,-,-,5
10,Chile,Textiles,K,LR,309.7150,172.7932,73.6663,43.5699,34.3367,18.6043,6.4648,-,-,-,3
10,Chile,Textiles,K,LR,599.3419,439.9507,269.9865,202.9657,63.3076,99.7794,18.5115,-,-,-,5
11,Chile,Textiles,K,LR Crit,"10.9, 13.2, 18.0","11.4, 12.8, 17.0","11.9, 13.7, 18.1","11.8, 12.8, 14.8","12.2, 13.1, 15.0","11.5, 13.3, 17.4","11.1, 12.9, 17.4",-,-,-,3
11,Chile,Textiles,K,LR Crit,"10.3, 11.2, 14.0","10.4, 13.1, 17.4","12.3, 14.1, 16.8","12.1, 14.4, 19.1","11.9, 14.2, 17.9","11.5, 13.1, 16.5","11.0, 12.8, 15.3","10.7, 11.6, 14.2","9.8, 12.1, 14.8","100.4, 110.7, 148.3",5
10,Chile,Textiles,K ciiu,LR,305.3470,146.5267,89.0717,55.5251,35.4116,18.4734,7.2430,-,-,-,3
11,Chile,Textiles,K ciiu,LR Crit,"12.0, 14.9, 23.1","13.7, 15.7, 23.4","12.9, 15.2, 27.0","13.2, 14.6, 21.2","12.8, 14.1, 17.8","11.2, 13.8, 19.4","12.0, 13.9, 23.3",-,-,-,3
10,Chile,Textiles,K mixture,LR,220.4093,163.8376,75.0010,44.4956,33.8029,9.7471,-,-,-,-,3
10,Chile,Textiles,K mixture,LR,709.9683,368.6392,225.0537,204.6058,82.6826,43.5983,-,-,-,-,5
11,Chile,Textiles,K mixture,LR Crit,"12.2, 15.0, 18.1","13.8, 16.6, 20.7","15.6, 17.1, 20.0","14.9, 18.1, 21.6","15.6, 18.2, 22.5","14.0, 16.8, 20.9",-,-,-,-,3
11,Chile,Textiles,K mixture,LR Crit,"11.8, 14.8, 17.7","12.6, 14.6, 19.2","12.9, 14.5, 18.7","14.0, 15.1, 20.8","10.9, 13.0, 16.3","12.3, 23.8, 110.8","141.6, 166.2, 199.6",-,-,-,5
10,Chile,Textiles,K mixture 3,LR,216.8115,170.4569,77.0233,49.4011,42.3716,6.6521,-,-,-,-,3
11,Chile,Textiles,K mixture 3,LR Crit,"14.5, 16.3, 18.9","17.3, 20.4, 22.6","18.1, 22.1, 26.3","16.3, 18.6, 20.5","17.2, 19.5, 23.0","14.9, 17.2, 21.1",-,-,-,-,3
10,Chile,Textiles,K mixture 3 ciiu,LR,211.2540,153.0309,97.0790,49.6057,36.4257,17.9159,-,-,-,-,3
11,Chile,Textiles,K mixture 3 ciiu,LR Crit,"16.0, 19.3, 23.0","22.2, 25.6, 36.7","18.5, 23.4, 28.4","19.4, 22.2, 26.2","15.2, 19.0, 25.4","28.1, 35.3, 40.3",-,-,-,-,3
10,Chile,Textiles,K mixture 4,LR,221.4023,173.4902,76.1765,42.6927,35.3758,16.8144,-,-,-,-,3
11,Chile,Textiles,K mixture 4,LR Crit,"16.0, 17.7, 25.6","17.8, 21.0, 24.6","18.8, 21.3, 24.9","17.6, 19.2, 26.3","18.4, 22.4, 28.6","34.2, 43.0, 49.6",-,-,-,-,3
10,Chile,Textiles,K mixture 4 ciiu,LR,220.4310,143.9231,102.7743,42.3569,34.3773,5.6093,-,-,-,-,3
11,Chile,Textiles,K mixture 4 ciiu,LR Crit,"18.3, 22.1, 26.8","19.5, 27.0, 46.7","16.0, 25.9, 140.8","17.9, 21.5, 31.0","19.2, 22.6, 26.6","29.8, 43.1, 58.8",-,-,-,-,3
10,Chile,Textiles,K mixture ciiu,LR,210.8333,155.3221,95.4005,45.9302,36.9283,9.7056,-,-,-,-,3
11,Chile,Textiles,K mixture ciiu,LR Crit,"11.7, 15.4, 22.1","14.9, 20.6, 34.4","17.0, 19.5, 25.3","19.0, 22.5, 35.1","16.0, 19.4, 53.5","16.0, 20.3, 45.5",-,-,-,-,3
10,Chile,Textiles,Kmshare,LR,310.6363,177.4501,81.6192,43.5664,30.0416,22.0199,11.5829,-,-,-,3
11,Chile,Textiles,Kmshare,LR Crit,"15.8, 18.8, 21.1","16.4, 18.1, 21.6","15.2, 16.8, 19.3","16.5, 19.0, 21.9","15.6, 17.2, 20.7","16.4, 18.3, 23.6","14.0, 17.3, 19.5",-,-,-,3
10,Chile,Textiles,Kmshare mixture,LR,221.1327,172.8602,83.0613,41.7740,9.0154,-,-,-,-,-,3
11,Chile,Textiles,Kmshare mixture,LR Crit,"13.6, 15.6, 21.1","18.1, 19.3, 25.7","19.1, 21.6, 24.0","20.6, 22.5, 24.3","20.6, 21.9, 26.7",-,-,-,-,-,3
10,Chile,Textiles,Kmshare mixture 3,LR,220.5659,173.4524,85.4563,48.7931,8.0081,-,-,-,-,-,3
11,Chile,Textiles,Kmshare mixture 3,LR Crit,"15.7, 17.9, 21.3","22.2, 26.3, 31.2","21.0, 24.0, 29.7","21.2, 23.9, 29.1","19.9, 22.7, 28.8",-,-,-,-,-,3
10,Chile,Textiles,Kmshare mixture 4,LR,234.9295,163.7784,86.0482,55.6531,27.5238,-,-,-,-,-,3
11,Chile,Textiles,Kmshare mixture 4,LR Crit,"21.4, 23.0, 27.1","21.5, 23.9, 27.9","22.7, 25.1, 29.6","22.7, 24.7, 33.1","29.8, 47.7, 66.6",-,-,-,-,-,3
10,Chile,Textiles,Plain,LR,427.0889,218.1656,93.0143,39.2905,28.7014,11.4814,6.7117,-,-,-,3
10,Chile,Textiles,Plain,LR,773.6191,448.2974,391.7175,196.3678,187.3678,104.6513,99.7092,-,-,-,5
11,Chile,Textiles,Plain,LR Crit,"6.8, 8.1, 12.1","6.6, 7.4, 9.5","7.7, 8.8, 11.7","7.2, 8.4, 12.1","7.5, 8.4, 11.9","6.9, 7.6, 10.0","6.7, 7.7, 10.4",-,-,-,3
11,Chile,Textiles,Plain,LR Crit,"7.7, 10.1, 13.7","7.7, 8.9, 10.5","7.0, 8.6, 11.7","8.0, 9.5, 12.1","7.5, 9.0, 11.6","7.6, 8.9, 16.4","8.1, 9.1, 15.6","8.7, 10.7, 11.9","7.3, 11.1, 80.3","7.5, 8.2, 10.0",5
10,Chile,Textiles,Plain ciiu,LR,287.7916,161.7360,95.4102,40.0914,25.8232,10.2962,9.4948,7.9316,4.7671,-,3
11,Chile,Textiles,Plain ciiu,LR Crit,"8.7, 10.2, 14.1","8.4, 10.1, 12.4","8.7, 11.1, 21.5","9.3, 12.2, 17.1","9.1, 12.1, 18.0","7.6, 8.9, 10.3","8.0, 9.2, 15.4","4.8, 5.9, 10.2","4.7, 5.7, 7.0",-,3
10,Chile,Textiles,Plain mixture,LR,223.8449,222.6686,83.5177,36.4428,24.6999,15.0587,9.3071,-,-,-,3
11,Chile,Textiles,Plain mixture,LR Crit,"8.5, 10.1, 14.0","11.4, 13.6, 16.6","13.6, 17.7, 25.5","10.8, 13.6, 16.5","10.0, 11.5, 15.9","10.0, 12.1, 15.2","10.1, 12.1, 30.0",-,-,-,3
10,Chile,Textiles,Plain mixture 3,LR,251.1580,200.4149,83.0628,37.3394,27.5860,15.1455,-,-,-,-,3
11,Chile,Textiles,Plain mixture 3,LR Crit,"9.0, 11.2, 16.0","12.9, 14.1, 17.2","11.7, 13.4, 16.2","11.2, 13.5, 17.4","12.9, 15.7, 32.4","14.7, 29.2, 44.2",-,-,-,-,3
10,Chile,Textiles,Plain mixture 3 ciiu,LR,201.0561,170.9335,83.8342,33.9937,26.9447,14.7045,-,-,-,-,3
11,Chile,Textiles,Plain mixture 3 ciiu,LR Crit,"11.8, 15.0, 20.5","16.1, 18.2, 28.3","13.8, 15.9, 27.9","14.4, 16.4, 21.0","12.6, 14.6, 16.7","13.5, 22.2, 36.6",-,-,-,-,3
10,Chile,Textiles,Plain mixture 4,LR,271.9665,178.2109,86.2093,27.2259,41.1978,17.3849,-,-,-,-,3
11,Chile,Textiles,Plain mixture 4,LR Crit,"11.8, 14.3, 18.4","13.8, 15.8, 21.1","13.8, 16.0, 19.9","12.7, 15.5, 21.1","13.9, 15.6, 18.6","30.6, 38.6, 51.0",-,-,-,-,3
10,Chile,Textiles,Plain mixture 4 ciiu,LR,217.3984,155.3046,76.6164,41.8719,21.5011,20.2991,-,-,-,-,3
11,Chile,Textiles,Plain mixture 4 ciiu,LR Crit,"13.1, 14.6, 20.2","17.6, 24.3, 30.8","17.3, 22.4, 38.0","12.6, 14.3, 23.3","12.4, 14.9, 31.9","27.7, 35.6, 42.9",-,-,-,-,3
10,Chile,Textiles,Plain mixture ciiu,LR,199.5321,163.0530,93.6783,49.0272,23.6803,6.6709,-,-,-,-,3
11,Chile,Textiles,Plain mixture ciiu,LR Crit,"10.8, 13.0, 17.5","10.7, 13.8, 21.4","11.8, 15.4, 25.8","10.2, 11.5, 15.6","11.6, 15.0, 19.8","10.3, 12.8, 18.0",-,-,-,-,3
